;Symbol;Name
;42;42Coin
;300;300token
;365;365Coin
;404;404Coin
;611;SixEleven
;808;808
;888;Octocoin
;1337;1337
;2015;2015coin
;ARC*;ArcadeCity
;CLUB;ClubCoin
;007;007coin
;ZCN;0chain
;ZRX;0x
;0xBTC;0xBitcoin
;BIT16;16BitCoin
;MCT;1717MasonicCommemorativeToken
;1CR;1Credit
;1WO;1World
;CHAO;23Skidoo
;2BACCO;2BACCOCoin
;2GIVE;2GiveCoin
;32BIT;32Bitcoin
;3DES;3DES
;8BT;8CircuitStudios
;8BIT;8BITCoin
;ATKN;A-Token
;RTB;AB-CHAIN
;ABC;AB-Chain
;AC3;AC3
;ACT;ACT
;ACOIN;ACoin
;AEON;AEON
;AIC;AICrypto
;AIDOC;AIDoctor
;AIT;AIChainToken
;XAI*;AICoin
;AITT;AITrading
;AXT;AIX
;ALX;ALAX
;ALIS;ALISmedia
;ALT;ALTcoin
;AMBT;AMBTToken
;AMIS;AMIS
;AMLT;AMLT
;ANTS;ANTSReloaded
;APIS;APIS
;ARB*;ARBITRAGE
;ARE;ARENON
;ARK;ARK
;ARNA;ARNAPanacea
;ARR;ARROUND
;ATB;ATBcoin
;ATCC;ATCCoin
;ATFS;ATFSProject
;ATL;ATLANT
;ATM;ATMChain
;AUC*;AU-Coin
;AXR;AXRON
;AXS;AXS
;ABELE;Abele
;ABJ;Abjcoin
;ABS;AbsoluteCoin
;ACC*;AcceleratorNetwork
;ACCO;Accolade
;AEC;AcesCoin
;ACES;AcesCoin
;ACT*;Achain
;ACH;AchieveCoin
;ACID;AcidCoin
;OAK;AcornCollective
;ACTN;ActionCoin
;AMT;Acumen
;ACC;AdCoin
;ADX;AdEx
;ADT;AdToken
;ADM;Adamant
;ADB;Adbank
;ADL;Adelphoi
;ADH;Adhive
;ADST;Adshares
;ABT*;AdvancedBrowsingToken
;AIB;AdvancedInternetBlock
;ADZ;Adzcoin
;AGS;Aegis
;AEN;Aenco
;AERM;Aerium
;AERO;AeroCoin
;AM;AeroMe
;ARN;Aeron
;AE;Aeternity
;AET;AfterEther
;AGRS;AgorasToken
;DLT;AgrelloDelta
;AHT;Ahoolee
;AID;AidCoin
;ADN;Aiden
;ADK;AidosKuneen
;AIX;Aigang
;AION;Aion
;AST;AirSwap
;AIR;AirToken
;AIR*;Aircoin
;AKA;Akroma
;ALEX;Alexandrite
;PLM;Algo.Land
;ALG;Algory
;ALN;AlienCoin
;SOC;AllSportsCoin
;ASAFE2;Allsafe
;APC;AlpaCoin
;ALPS;Alpenschillling
;ALF;AlphaCoin
;ACAT;Alphacat
;ALQO;Alqo
;ALTCOM;AltCommunityCoin
;ALTOCAR;AltoCar
;AMBER;AmberCoin
;AMB;Ambrosus
;AMC;AmericanCoin
;AMX;Amero
;AMMO;AmmoRewards
;AMO;AmoCoin
;AMN;Amon
;AMS;AmsterdamCoin
;AMY;Amygws
;ANCP;Anacrypt
;ANAL;AnalCoin
;ACP;AnarchistsPrime
;AND;AndromedaCoin
;ANGL;AngelToken
;AVH;AnimationVisionCash
;ANI;Animecoin
;ANK;AnkorusToken
;ANC;Anoncoin
;RYZ;Anryze
;ANTI;AntiBitcoin
;ANTC;AntiLitecoin
;CPX;ApexToken
;APEX;ApexCoin
;APH;Aphelion
;APL;ApolloCurrency
;XAP;Apollon
;APPC;AppCoins
;APT;Aptcoin
;APX;Apx
;ARCO;AquariusCoin
;AR*;Ar.cash
;ALC;ArabLeagueCoin
;ANT;Aragon
;ARBI;Arbi
;ARB;ArbitCoin
;ARCT;ArbitrageCT
;ABT;ArcBlock
;ARCH;ArchCoin
;ARC;ArcticCoin
;ARDR;Ardor
;ARENA;Arena
;ARG;Argentum
;ARGUS;ArgusCoin
;ARI;AriCoin
;ARO;Arionum
;BOTS;ArkDAO
;ARM;ArmoryCoin
;ARPA;ArpaCoin
;ABY;ArtByte
;ARTE;Artemine
;ATX;ArtexCoin
;AUA;ArubaCoin
;ASN;AscensionCoin
;XAS;Asch
;AC;AsiaCoin
;ADCN;Asiadigicoin
;ATX*;Aston
;AST*;Astral
;ASTRO;Astronaut
;ATMOS;Atmos
;ATOM;AtomicCoin
;ATMI;Atonomi
;AUC;Auctus
;ADC;AudioCoin
;REP;Augur
;AURS;Aureus
;AURA;Aurora
;AOA;Aurora
;AUR;AuroraCoin
;AUN;Authoreon
;ATS;Authorship
;NIO*;Autonio
;AUT;Autoria
;ATM*;Autumncoin
;AVL;Avalanche
;AVA;Avalon
;AV;AvatarCoin
;AVT;AventCoin
;AOP;Averopay
;AVE;Avesta
;ACN;AvonCoin
;WORK;Aworker
;AXIOM;AxiomCoin
;AXYS;Axys
;AZART;Azart
;B2B;B2BX
;B3;B3Coin
;KB3;B3Coin
;BAX;BABB
;BAM;BAM
;BANCA;BANCA
;BKX;BANKEX
;BBN;BBNCOIN
;BERN;BERNcash
;BEX;BEXtoken
;BFT;BFToken
;VEE;BLOCKv
;BMT;BMChain
;BOS;BOScoin
;BQC;BQCoin
;BRAT;BROTHER
;BTCL;BTCLite
;BTCM;BTCMoon
;BAN;BabesandNerds
;BKC;Balkancoin
;NANAS;BananaBits
;BNT;BancorNetworkToken
;B@;BankCoin
;BNK;Bankera
;BCOIN;BannerCoin
;BBN*;BanyanNetwork
;BBCC;BaseballCardCoin
;BASHC;BashCoin
;BAT;BasicAttentionToken
;BTA;Bata
;BCX;BattleCoin
;BSTK;BattleStake
;SAND;BeachCoin
;BRDD;BeardDollars
;XBTS;Beats
;BVC;BeaverCoin
;BEE;BeeToken
;BFDT;Befund
;BELA;Bela
;BBI;BelugaPay
;BMK;Benchmark
;BNC;Benjacoin
;BEN*;Benjamins
;BENJI;BenjiRolls
;BEST;BestChain
;KNG;BetKings
;CHART;BetOnChart
;BET;BetaCoin
;BTRM;BetriumToken
;BETR;BetterBetting
;BETT;Bettium
;BZNT;Bezant
;BEZ;Bezop
;BBP;BiblePay
;BIX;BiboxCoin
;BID;BidCoin
;BDP;Bidipass
;BDB;BigDataBlock
;HUGE;BigCoin
;LFC;BigLifeCoin
;BIGUP;BigUp
;BBO;Bigbom
;BHC;BighanCoin
;BIC;Bikercoins
;BLRY;BillaryCoin
;XBL;BillionaireToken
;BNB;BinanceCoin
;BRC*;BinaryCoin
;BIOB;BioBar
;BIO;Biocoin
;BIOS;BiosCrypto
;BTRN;Biotron
;BIP;BipCoin
;BIS;Bismuth
;BAS;BitAsean
;BTB;BitBar
;BAY;BitBay
;BITB;BitBean
;BBK;BitBlocks
;BBT;BitBoost
;BOSS;BitBoss
;BRONZ;BitBronze
;BCD*;BitCAD
;BEN;BitCOEN
;BITCAR;BitCar
;CAT;BitClave
;COAL;BitCoal
;BCCOIN;BitConnectCoin
;BCR;BitCredit
;BTCRY;BitCrystal
;BCY;BitCrystals
;BTCR;BitCurrency
;BDG;BitDegree
;CSNO;BitDice
;BFX;BitFinexTokens
;FLIP;BitFlip
;FLX*;BitFlux
;BTG*;BitGem
;HIRE*;BitHIRE
;STU;BitJob
;BTLC;BitLuckCoin
;LUX*;BitLux
;BTM;BitMark
;BMX;BitMartCoin
;BTMI;BitMiles
;BM;BitMoon
;BITOK;BitOKX
;BTQ;BitQuark
;RNTB;BitRent
;BIT;BitRewards
;BITX;BitScreener
;XSEED;BitSeeds
;BSD*;BitSend
;BTE*;BitSerial
;BSR;BitSoarCoin
;BSTN;BitStation
;BST;BitStone
;SWIFT;BitSwift
;BXT;BitTokens
;TUBE;BitTube
;VEG;BitVegan
;VOLT;BitVolt
;ZNY;BitZeny
;BTCA;Bitair
;BAC;BitalphaCoin
;BTD;Bitcloud
;BTDX;Bitcloud2.0
;BTCN;BitcoiNote
;BTC;Bitcoin
;BCA;BitcoinAtom
;CDY;BitcoinCandy
;BCH;BitcoinCash
;BTCC;BitcoinCore
;BCD;BitcoinDiamond
;BTG;BitcoinGold
;BITG;BitcoinGreen
;BTCH;BitcoinHush
;XBI;BitcoinIncognito
;BCI;BitcoinInterest
;BTN;BitcoinNova
;BTPL;BitcoinPlanet
;BTCP;BitcoinPrivate
;BTCRED;BitcoinRed
;RBTC;BitcoinRevolution
;BCR*;BitcoinRoyal
;BTCS;BitcoinScrypt
;BT2;BitcoinSegWit2X
;BTCS*;BitcoinSupreme
;BTCD;BitcoinDark
;BTCE*;BitcoinEX
;BCF;BitcoinFast
;BIFI;BitcoinFile
;BTF*;BitcoinFor
;BTCGO;BitcoinGo
;XBC;BitcoinPlus
;BTX*;BitcoinTX
;BWS;BitcoinWSpectrum
;BTW;BitcoinWhite
;BCX*;BitcoinX
;BTCZ;BitcoinZ
;BM*;Bitcomo
;BTX;Bitcore
;DARX;Bitdaric
;BDL;Bitdeal
;BT1;BitfinexBitcoinFuture
;BTCL*;BitluckCoin
;BIM;BitminerCoin
;BMXT;Bitmxittz
;XPAT;BitnationPangea
;BQ;Bitqy
;BRO;Bitradio
;BTL;Bitrolium
;BITSD;BitsDigit
;BINS;Bitsense
;BTS;Bitshares
;BSX;Bitspace
;XBS;Bitstake
;BITS;BitstarCoin
;BWT;Bittwatt
;BITZ;BitzCoin
;BTZ;BitzCoin
;XBP;BlackPearlCoin
;BLK;BlackCoin
;BS;BlackShadowCoin
;BHC*;BlackholeCoin
;BMC;BlackmoonCrypto
;BSTAR;Blackstar
;BLC;BlakeCoin
;BLAS;BlakeStar
;BLAZR;BlazerCoin
;BLITZ;BlitzCoin
;XBP*;BlitzPredict
;ARY;BlockArray
;CAT*;BlockCAT
;BCDN;BlockCDN
;LNC;BlockLancer
;BCPT;BlockMasonCreditProtocol
;BMH;BlockMesh
;BLOCK;BlockNet
;BLOCKPAY;BlockPay
;BPL;BlockPool
;BCAP;BlockchainCapital
;BLX;BlockchainIndex
;BCT;BlockchainTerminal
;BTF;BlockchainTradedFund
;BCIO;Blockchain.io
;BPT;Blockport
;CCC*;Blockshipping
;TIX;Blocktix
;BTT;Blocktradetoken
;BNTN;Blocnation
;BLT;BloomToken
;CDT;Blox
;BLU;BlueCoin
;BDR;BlueDragon
;BLZ;Bluzelle
;BNX;BnrtxCoin
;BNB*;BoatsandBitches
;BOB*;BobCoin
;BOT;Bodhi
;BOE;Bodhi
;BOG;Bogcoin
;BOLD;Bold
;BLN*;Bolenum
;BOLI;BolivarCoin
;BOMB;BombCoin
;BON*;BonesCoin
;BON;Bonpay
;BBR;Boolberry
;BOST;BoostCoin
;BOSON;BosonCoin
;BOS*;Bostoken
;BOTC;BotChain
;CAP;BottleCaps
;BTO;Bottos
;BOU;Boulle
;XBTY;Bounty
;BNTY;Bounty0x
;BOUTS;BoutsPro
;AHT*;BowheadHealth
;BSC;BowsCoin
;BOXY;BoxyCoin
;BRAIN;BrainCoin
;BRD;Breadtoken
;BRX;BreakoutStake
;BRK;BreakoutCoin
;BRIA;Briacoin
;BBT*;BrickBlock
;BCO;BridgeCoin
;BRC;BrightCoin
;BRIT;BritCoin
;BUBO;Budbo
;BUD;Buddy
;BGL;Buglab
;BT;BuildTeam
;BULLS;BullshitCoin
;BWK;Bulwark
;BUN;BunnyCoin
;BURST;BurstCoin
;BUZZ;BuzzCoin
;BYC;ByteCent
;BTE;ByteCoin
;BCN;ByteCoin
;GBYTE;Byteball
;BTH;Bytether
;BTM*;Bytom
;XCT;C-Bits
;CAIx;CAIx
;CBD;CBDCrystals
;CCC;CCCoin
;CEDEX;CEDEXCoin
;CEEK;CEEKSmartVRToken
;CETI;CETUSCoin
;CHIPS;CHIPS
;CINNI;CINNICOIN
;CLAM;CLAMS
;CO2;CO2Token
;CMS;COMSA
;CPY;COPYTRACK
;COSS;COSS
;CPC*;CPChain
;MLS;CPROP
;CMZ;CRYPTOMAGZ
;CRS*;CRYSTALS
;CAB;CabbageUnit
;CHE;Cache
;CACH;Cachecoin
;CF;Californium
;CALC;CaliphCoin
;CLO;CallistoNetwork
;CAM;Camcoin
;CMPCO;CampusCoin
;CAN;CanYaCoin
;CND*;CanadaeCoin
;CDN;CanadaeCoin
;CCN;CannaCoin
;XCI;CannabisIndustryCoin
;CANN;CannabisCoin
;XCD*;Capdax
;CAPP;Cappasity
;CPC;CapriCoin
;CAR;CarBlock
;CTX;CarTaxi
;CV;CarVertical
;CARBON;Carboncoin
;ADA;Cardano
;CARD;Cardstack
;CARE*;CareToken
;CARE;Carebit
;CRGO;CargoCoin
;CXO;CargoX
;DIEM;CarpeDiemCoin
;CTC;CarterCoin
;CNBC;Cash&BackCoin
;CASH*;CashPokerPro
;CBC;CashBetCoin
;CASH;CashCoin
;CSH;CashOut
;CAS;Cashaa
;CSC;CasinoCoin
;CSTL;Castle
;CAT1;Catcoin
;CVTC;CavatCoin
;CAV;Caviar
;CCO;Ccore
;CEL;CelsiusNetwork
;CTR;Centra
;CNT;Centurion
;CBS;Cerberus
;XCE;Cerium
;CHC;ChainCoin
;LINK;ChainLink
;CHAN;ChanCoin
;CAG;Change
;CHA;CharityCoin
;CHARM;CharmCoin
;CHAT;ChatCoin
;CXC;CheckCoin
;CHESS;ChessCoin
;CHILD;ChildCoin
;CNC;ChinaCoin
;CHIP;Chip
;CHOOF;ChoofCoin
;DAY;Chronologic
;CRX;ChronosCoin
;CIN;CinderCoin
;CND;Cindicator
;CIR;CircuitCoin
;COVAL;CircuitsofValue
;CTL;Citadel
;CVC;Civic
;XCLR;ClearCoin
;POLL;ClearPoll
;CLV;CleverCoin
;CHASH;CleverHash
;CLICK;Clickcoin
;CLIN;Clinicoin
;CLINT;Clinton
;CCCX;ClipperCoinCapital
;CLOAK;CloakCoin
;CKC;Clockcoin
;CLD;Cloud
;CLOUT;Clout
;CLUD;CludCoin
;COE;CoEval
;COT;CoTrader
;COB;Cobinhood
;COX;CobraCoin
;CTT;CodeTract
;CFC;CoffeeCoin
;CFI;Cofound.it
;COG;Cognitio
;COIN*;Coin
;XMG;CoinMagi
;BTTF;CointotheFuture
;C2;Coin.2
;CONI;CoinBene
;CET;CoinExtoken
;COFI;CoinFi
;XCJ;CoinJob
;CL;CoinLancer
;LION;CoinLion
;MEE;CoinMeet
;MEET;CoinMeet
;XCM;CoinMetro
;CPL;CoinPlaceToken
;CHP;CoinPokerToken
;LAB*;CoinWorksCoin
;CTIC;Coinmatic
;COI;Coinnec
;CNO;Coino
;CNMT;Coinomat
;CXT;Coinonat
;XCXT;CoinonatX
;COIN;Coinvest
;COLX;ColossusCoinXT
;CLN;ColuLocalNetwork
;CMT;CometCoin
;CBT;CommerceBlockToken
;CMM;Commercium
;CDX;CommodityAdNetwork
;COMM;CommunityCoin
;COC;CommunityCoin
;CMP;Compcoin
;COMP;CompoundCoin
;CPN;CompuCoin
;CYC;ConSpiracyCoin
;CNL;ConcealCoin
;RAIN;Condensate
;CFD;Confido
;CJT;ConnectJobToken
;CQST;ConquestCoin
;DAG;Constellation
;CNN;ContentNeutralityNetwork
;CAN*;ContentandADNetwork
;BOX;ContentBox
;CUZ;CoolCousin
;COOL;CoolCoin
;CCX;CoolDarkCoin
;XCPO;Copico
;CLR;CopperLark
;CORAL;CoralPay
;CORE;CoreGroupAsset
;COR;Corion
;CTXC;Cortex
;CSMIC;Cosmic
;CMOS;Cosmo
;ATOM*;Cosmos
;CMC;CosmosCoin
;COU;Couchain
;XCP;CounterParty
;CHT;CountinghouseFund
;COV*;CovenCoin
;COV;Covesting
;CRAB;CrabCoin
;CRACK;CrackCoin
;CRC*;CraftCoin
;CRAFT;Craftcoin
;CFTY;Crafty
;CRAIG;CraigsCoin
;CRNK;CrankCoin
;CRAVE*;Crave-NG
;CRAVE;CraveCoin
;CZC;CrazyCoin
;CRM;Cream
;XCRE;Creatio
;CREA;CreativeChain
;CRDNC;CredenceCoin
;CRB;Creditbit
;CRE*;Creditcoin
;CDPT;CreditorDataPlatform
;CRE;Credits
;CRDS;Credits
;CS*;Credits
;CFT*;Credo
;CREDO;Credo
;CREVA;CrevaCoin
;CROAT;Croat
;CMCT;CrowdMachine
;CRC***;CrowdCoin
;CCOS;CrowdCoinage
;YUP;Crowdholding
;WIZ;Crowdwiz
;CRW;CrownCoin
;CRC**;CryCash
;CRYPT;CryptCoin
;CPT;Cryptaur
;CRL;CrypteloCoin
;CRPT;Crypterium
;XCR;Crypti
;CTO;Crypto
;CESC;CryptoEscudo
;CIF;CryptoImprovementFund
;TKT;CryptoTickets
;CWIS;CryptoWisdomCoin
;CWX;Crypto-X
;C20;Crypto20
;CABS;CryptoABS
;BUK;CryptoBuk
;CBX;CryptoBullion
;CCRB;CryptoCarbon
;CIRC;CryptoCircuits
;FCS;CryptoFocus
;CFT;CryptoForecast
;CHBR;CryptoHub
;TKR;CryptoInsight
;CJ;CryptoJacks
;CJC;CryptoJournal
;LEU;CryptoLEU
;CPAY;CryptoPay
;CRPS;CryptoPennies
;PING;CryptoPing
;CS;CryptoSpots
;CWV;CryptoWave
;CWXT;CryptoWorldXToken
;CDX*;Cryptodex
;CGA;CryptographicAnomaly
;CYT;Cryptokenz
;CIX;Cryptonetix
;CNX;Cryptonex
;XCN;Cryptonite
;CEFS;CryptopiaFeeShares
;CRS;Cryptoreal
;MN;CryptsyMiningContract
;POINTS;CryptsyPoints
;CRTM;Cryptum
;CVCOIN;Crypviser
;CCT;CrystalClearToken
;AUTO;Cube
;QBT;Cubits
;CTKN;Curaizon
;CURE;Curecoin
;CRU;Curium
;XCS;CybCSecCoin
;CC;CyberCoin
;CMT*;CyberMiles
;CABS*;CyberTrust
;CVT;CyberVein
;CYDER;CyderCoin
;CYG;Cygnus
;CYP;CypherPunkCoin
;FUNK;CypherfunksCoin
;DAC;DACash
;DADI;DADI
;BET*;DAO.casino
;GEN;DAOstack
;DAS;DAS
;DATX;DATx
;DRP;DCORP
;DFS;DFSCoin
;DIM;DIMCOIN
;DIW;DIWtoken
;DMT;DMarket
;DNN;DNNToken
;MTC;DOCADEMIC
;DOV;DOVU
;DREAM*;DREAM
;DRPU;DRPUtility
;DRACO;DTToken
;DYNO;DYNO
;DAI;Dai
;DAN;Daneel
;DAR;Darcrus
;PROD;Darenta
;DEC;Darico
;DARK;Dark
;DISK;DarkLisk
;MOOND;DarkMoon
;DB;DarkBit
;DRKC;DarkCash
;DCC;DarkCrave
;DETH;DarkEther
;DGDC;DarkGold
;DKC;DarkKnightCoin
;DANK;DarkKush
;DSB;DarkShibe
;DT;DarkToken
;DRKT;DarkTron
;DNET;Darknet
;DASC;DasCoin
;DASH;Dash
;DSH;Dashcoin
;DTA;Data
;DTT*;DataTrading
;DTX;DataBrokerDAO
;DXT;DataWallet
;DTB;Databits
;DBCCOIN;Datablockchain
;DTC*;Datacoin
;XDT;Dataeum
;DTN;Datareum
;DTRC;Datarius
;DAT;Datum
;DAV;DavorCoin
;DAXX;DaxxCoin
;DTC;DayTraderCoin
;DHT;DeHedgeToken
;DNET*;DeNet
;XNA;DeOxyRibose
;DBC*;DebitCoin
;DBTC;DebitCoin
;DEB;DebitumToken
;DCT;Decent
;DBET;Decent.bet
;MANA;Decentraland
;DML;DecentralizedMachineLearning
;DUBI;DecentralizedUniversalBasicIncome
;HST;DecisionToken
;DCR;Decred
;DEEP;DeepGold
;DBC;DeepBrainChain
;ONION;DeepOnion
;DEA;DegasCoin
;DEI;Deimos
;DKD;Dekado
;DPAY;DelightPay
;DCRE;DeltaCredits
;DNR;Denarius
;DNO;Denaro
;DENT;Dent
;DCN;Dentacoin
;DFBT;DentalFix
;DERO;Dero
;DESI;Desico
;DSR;Desire
;DES;Destiny
;DTCT;DetectorToken
;DTH;Dether
;DVC;DevCoin
;EVE;Devery
;DEV;DeviantCoin
;DMD;Diamond
;DCK;DickCoin
;DIGS;Diggits
;DGB;DigiByte
;DGC;DigiCoin
;CUBE;DigiCube
;DEUR;DigiEuro
;DIGIF;DigiFel
;DGM;DigiMoney
;DGPT;DigiPulse
;DGMS;Digigems
;DPP;DigitalAssetsPowerPlay
;DBG;DigitalBullionGold
;DDF;DigitalDevelopersFund
;DRS;DigitalRupees
;XDN;DigitalNote
;DP;DigitalPrice
;WAGE;Digiwage
;DGD;DigixDAO
;DGX;DigixGoldtoken
;DIG;Dignity
;DIME;DimeCoin
;DCY;Dinastycoin
;DIN;Dinero
;XDQ;DiracCoin
;DCC*;DistributedCreditChain
;DIT;Ditcoin
;DIVX;Divi
;DTC**;DivotyCoin
;DXC;DixiCoin
;DLISK;Dlisk
;NOTE;Dnotes
;DOC;DocCoin
;NRN;Doc.aiNeuron
;DOCK;Dock.io
;DOGED;DogeCoinDark
;DGORE;DogeGoreCoin
;XDP;DogeParty
;DOGE;Dogecoin
;DLC;DollarCoin
;DLR;DollarOnline
;DRT;DomRaider
;DOM;Dominium
;DON;DonationCoin
;DOPE;DopeCoin
;DOR;Dorado
;DOT;Dotcoin
;BOAT;Doubloon
;Dow;DowCoin
;DRA;DraculaCoin
;DFT;Draftcoin
;DRG;DragonCoin
;XDB;DragonSphere
;DRGN;Dragonchain
;DRM8;Dream8Coin
;DREAM;DreamTeamToken
;DRZ;Droidz
;DRC;Dropcoin
;DROP;Dropil
;DRXNE;Droxne
;DUB;DubCoin
;DBIC;DubaiCoin
;DBIX;DubaiCoin
;DUCK;DuckDuckCoin
;DUTCH;DutchCoin
;DUX;DuxCoin
;DYN;Dynamic
;DTR;DynamicTradingRights
;DTEM;Dystem
;DBR;Düber
;ECC*;E-CurrencyCoin
;EDR;E-DinarCoin
;EFL;E-Gulden
;EB3;EB3coin
;EBC;EBCoin
;ECC;ECC
;OMI;ECOMI
;ECO;ECOcoin
;EDRC;EDRCoin
;EGO;EGOcoin
;EJAC;EJACoin
;ELTCOIN;ELTCOIN
;ENTRC;ENTERCOIN
;ENTRY;ENTRY
;EOS;EOS
;EPIK;EPIKToken
;EQL;EQUAL
;EQ;EQUI
;EQUI;EQUIToken
;ERB;ERBCoin
;EST;ESportsChain
;ETS;ETHShare
;EGAS;ETHGAS
;EUNO;EUNO
;EXRN;EXRNchain
;EZC;EZCoin
;EZM;EZMarket
;EZT;EZToken
;EA;EagleCoin
;EAGS;EagsCoin
;EARTH;EarthToken
;EAC;EarthCoin
;EMT;EasyMine
;ETKN;EasyToken
;EBZ;Ebitz
;EBS;EbolaShare
;EKO;EchoLink
;EC;Eclipse
;ECOB;EcoBit
;EDDIE;Eddiecoin
;EDGE;EdgeCoin
;EDG;Edgeless
;EDU;EduCoin
;LEDU;EducationEcosystem
;EDC;EducoinV
;EGG;EggCoin
;EGT;Egretia
;EDO;Eidoo
;EMC2;Einsteinium
;ELC;Elacoin
;XEL;Elastic
;ELA;Elastos
;ECA;Electra
;ELEC;Electrify.Asia
;ETN;Electroneum
;EKN;Elektron
;ELE;Elementrem
;ELM;Elements
;ELI*;Elicoin
;ELI;Eligma
;ELIX;Elixir
;ELLA;Ellaism
;ELP;Ellerium
;ELLI;ElliotCoin
;ELT;Eloplay
;ELY;Elysian
;ELS;Elysium
;AEC*;EmaratCoin
;EMB;EmberCoin
;MBRS;Embers
;EMD;Emerald
;EMC;Emercoin
;EMN;EminentToken
;EMIGR;EmiratesGoldCoin
;EPY*;Emphy
;EMPC;EmporiumCoin
;EPY;Empyrean
;DNA;EncrypGen
;ETT;EncryptoTel
;EDR*;EndorProtocolToken
;ENE;EneCoin
;ENQ;Enecuum
;ETK;EnergiToken
;TSL;Energo
;ENRG;EnergyCoin
;EGCC;Engine
;XNG;Enigma
;ENG;Enigma
;ENJ;EnjinCoin
;ENK;Enkidu
;ENTER;EnterCoin(ENTER)
;ENTRP;EntropyToken
;ENU;Enumivo
;EVN;Envion
;EQUAL;EqualCoin
;EQT;EquiTrader
;EQB;Equibit
;EQM;EquilibriumCoin
;EFYT;Ergo
;ERT*;Eristica
;ERO;Eroscoin
;ERR;ErrorCoin
;ERY;Eryllium
;ESP;Espers
;ERT;Esports.com
;ESS;Essentia
;XEC;EternalCoin
;XET;EternalToken
;ETT*;EternalTrusts
;ENT;Eternity
;EBET;EthBet
;ETBS;EthBits
;LEND;EthLend
;HEAL;Etheal
;ETHB;EtherBTC
;EDT;EtherDelta
;DOGETH;EtherDoge
;ETL;EtherLite
;ESZ;EtherSportz
;ETZ;EtherZero
;ECH;EthereCash
;ETH;Ethereum
;ETBT;EthereumBlack
;BLUE;EthereumBlue
;ECASH;EthereumCash
;ETC;EthereumClassic
;ETHD;EthereumDark
;ETG;EthereumGold
;ETHM;EthereumMeta
;EMV;EthereumMovieVenture
;ETHPR;EthereumPremium
;LNK;Ethereum.Link
;BTCE;EthereumBitcoin
;ETF;EthereumFog
;ELITE;EthereumLite
;ETHS;EthereumScrypt
;DIP;Etherisc
;RIYA;Etheriya
;DICE;Etheroll
;FUEL;Etherparty
;ESC;Ethersportcoin
;NEC*;EthfinexNectarToken
;HORSE;Ethorse
;ETHOS;Ethos
;ET4;Eticket4
;EUC;Eurocoin
;ERC;EuropeCoin
;EVN*;EvenCoin
;EVENT;EventToken
;EVC;Eventchain
;EGC;EverGreenCoin
;EVX;Everex
;IQ;Everipedia
;EVR;Everus
;EOC;EveryonesCoin
;EVIL;EvilCoin
;EXB;ExaByte(EXB)
;XUC;ExchangeUnion
;EXCC;ExchangeCoin
;EXN;ExchangeN
;EXCL;ExclusiveCoin
;EXE;ExeCoin
;EXC;Eximchain
;EXIT;ExitCoin
;EXP;Expanse
;XP;ExperiencePoints
;EXY;Experty
;EON;Exscudo
;EXTN;ExtensiveCoin
;XTRA;ExtraCredit
;XSB;ExtremeSportsbook
;XT;ExtremeCoin
;F16;F16Coin
;FARM;FARMCoin
;FX;FCoin
;FIBRE;FIBRE
;eFIC;FICNetwork
;FLASH;FLASHcoin
;FLIK;FLiK
;FLM;FOLMcoin
;FREE;FREEcoin
;FT;FabricToken
;FC;Facecoin
;FACE;Faceter
;FCT;Factoids
;FAIR;FairCoin
;FAIR*;FairGame
;FAME;FameCoin
;FAN;Fan360
;XFT;FantasyCash
;FCN;FantomCoin
;FRD;Farad
;FST;FastCoin
;DROP*;FaucetCoin
;FAZZ;FazzCoin
;FTC;FeatherCoin
;TIPS;FedoraCoin
;FIL;FileCoin
;FILL;Fillit
;FNTB;FinTab
;FIND;FindCoin
;FIN;FinomFINToken
;NOM;FinomNOMToken
;FTX;FintruX
;FIRE;FireCoin
;FLOT;FireLotto
;FRC;FireRoosterCoin
;FFC;FireflyCoin
;1ST;FirstBlood
;FIRST;FirstCoin
;FRST;FirstCoin
;FIST;FistBump
;FIT;Fitcoin
;FRV;Fitrova
;FLAP;FlappyCoin
;FLX;Flash
;FLVR;FlavorCoin
;FNP;FlipNpik
;FLIXX;Flixxo
;FLO;FlorinCoin
;FLT;FlutterCoin
;FLUZ;FluzFluz
;FLY;FlyCoin
;FYP;FlypMe
;FLDC;FoldingCoin
;FLLW;FollowCoin
;FNO;Fonero
;FONZ;FonzieCoin
;FOOD;FoodCoin
;FOPA;Fopacoin
;FOR;ForceCoin
;XFC;ForeverCoin
;FOREX;ForexCoin
;FOTA;Fortuna
;FSBT;FortySevenBank
;FOXT;FoxTrading
;FRAC;FractalCoin
;FRN;Francs
;FRK;Franko
;FRWC;Frankywillcoin
;FRAZ;FrazCoin
;FGZ;FreeGameZone
;FRE;FreeCoin
;FRECN;Freldo
;FREC;Freyrchain
;FSC;FriendshipCoin
;FDZ;Friendz
;FUCK;FuckToken
;FC2;Fuel2Coin
;FJC;FujiCoin
;NTO;Fujinto
;FLS;FuloosCoin
;FUNC;FunCoin
;FUN;FunFair
;FUND;FundPlatform
;FND;FundRequest
;FYN;FundYourselfNow
;FSN*;Fusion
;FSN;Fusion
;FUTC;FutCoin
;FTP;FuturePoints
;FTW;FutureWorks
;FTO;FuturoCoin
;FXT;FuzeX
;FUZZ;Fuzzballs
;GAIA;GAIAPlatform
;GAKH;GAKHcoin
;GAT;GATCOIN
;GBRC;GBRCoin
;GTO;GIFTO
;GIN;GINcoin
;GIZ;GIZMOcoin
;GMC*;GMCCoin
;GPU;GPUCoin
;GSM;GSMCoin
;GXS;GXChain
;GNR;Gainer
;ORE;Galactrum
;GES;GalaxyeSolutions
;GLX;GalaxyCoin
;GAM;Gambitcoin
;GMCN;GambleCoin
;GTC;Game
;GBT;GameBetCoin
;GML;GameLeagueCoin
;UNITS;GameUnits
;GX;GameX
;GAME;Gamecredits
;FLP;Gameflip
;GNJ;GanjaCoinV2
;GAP;Gapcoin
;GRLC;Garlicoin
;GAS;Gas
;GEM;Gems
;GEMZ;GemzSocial
;GXC*;GenXCoin
;GNX;GenaroNetwork
;GVT;GenesisVision
;XGS;GenesisX
;GSY;GenesysCoin
;GEN*;Genstake
;GEO;GeoCoin
;GUNS;GeoFunders
;GER;GermanCoin
;SPKTR;GhostCoin
;GHC;GhostCoin
;GHOUL;GhoulCoin
;GIC;Giant
;GIFT;GiftNet
;GFT;Giftcoin
;GIG;GigCoin
;GBTC;GigTricks
;GHS*;GigaHash
;WTT;GigaWatt
;GGS;Gilgam
;GIM;Gimli
;GMR;Gimmer
;GOT;GiottoCoin
;GIVE;GiveCoin
;GLA;Gladius
;GLOBE;Global
;GCR;GlobalCurrencyReserve
;GJC;GlobalJobcoin
;GSC;GlobalSocialChain
;GTC*;GlobalTourCoin
;BSTY;GlobalBoost
;GLC;GlobalCoin
;GLT;GlobalToken
;GSI;GlobexSCI
;GSX;GlowShares
;GLYPH;GlyphCoin
;GNO;Gnosis
;xGOx;Go!
;GBX;GoByte
;GO;GoChain
;GOA;GoaCoin
;GOAL;GoalBonanza
;GOAT;Goat
;GPL;GoldPressedLatinum
;GRX;GoldRewardToken
;GB;GoldBlocks
;GLD;GoldCoin
;MNTP;GoldMint
;GP;GoldPieces
;XGR;GoldReserve
;GMA;GoldchipMiningAsset
;GEA;Goldea
;XGB;GoldenBird
;GMX;Goldmaxcoin
;GNT;GolemNetworkToken
;GOLF;GolfCoin
;GOLOS;Golos
;GBG;GolosGold
;GOOD;GoodCoin
;GOOD*;Goodomy
;GOON;Goonies
;BUCKS*;GorillaBucks
;GST;Gostcoin
;GOTX;GothicCoin
;GRFT;GraftBlockchain
;GDC;GrandCoin
;GAI;GraphGrailAI
;GRAV;Graviton
;GBIT;GravityBit
;WPP;GreenEnergyToken
;GRE;GreenCoin
;GRMD;GreenMed
;GEX;GreenX
;GREXIT;GrexitCoin
;GRID;Grid+
;GRC;GridCoin
;GRM;GridMaster
;GRID*;GridPay
;GMC;Gridmaster
;GRS;Groestlcoin
;GRO;GronDigital
;GRWI;GrowersInternational
;GROW;GrownCoin
;GRW;GrowthCoin
;GET;GuaranteedEntranceToken
;GETX;GuaranteedEthuranceTokenExtra
;GCC;GuccioneCoin
;GUE;GuerillaCoin
;NLG;Gulden
;GUN;GunCoin
;GUP;Guppy
;GXC;GxCoin
;HELL;HELLCOIN
;PLAY;HEROcoin
;HOLD;HOLD
;HQX;HOQU
;HODL;HOdlcoin
;HTML;HTMLCoin
;HTML5;HTML5Coin
;HKN;Hacken
;HKG;HackerGold
;HAC;HackspaceCapital
;HPAY;HadePay
;HALAL;Halal
;HLC;Halal-Chain
;HAL;Halcyon
;HALLO;HalloweenCoin
;HALO;HaloPlatform
;HMT;HamsterMarketplaceToken
;HAMS;HamsterCoin
;HION;Handelion
;HPC;HappyCoin
;HCC;HappyCreatorCoin
;HRB;HarbourDAO
;HSC;HashCoin
;HGS;HashGains
;XHV;HavenProtocol
;HAV;Havven
;HAT;Hawala.Exchange
;HZT;HazMatCoin
;HAZE;HazeCoin
;HDAC;Hdac
;HHEM;Healthureum
;WORM;HealthyWorm
;HB;HeartBout
;HEAT;HeatLedger
;HVC;HeavyCoin
;HDG;HedgeToken
;HEDG;Hedgecoin
;HEEL;HeelCoin
;HYS;HeissShares
;HBZ;Helbiz
;HNC;HellenicCoin
;HGT;HelloGold
;HMP;HempCoin
;HERO;Hero
;HER;HeroNode
;HEX;HexCoin
;HXT;HextraCoin
;HXX;HexxCoin
;HMC;HiMutualSociety
;XHI;HiCoin
;HPB;HighPerformanceBlockchain
;HVCO;HighVoltageCoin
;AIMS;HighCastleToken
;HGO;HireGo
;HIRE;HireMatch
;HFT;Hirefreehands
;HTC;Hitcoin
;HIVE;Hive
;HVN;HiveProject
;HBN;HoboNickels
;HWC;HollyWoodCoin
;HOT*;Holo
;HBC;HomeBlockCoin
;HMD;Homelend
;HONEY;Honey
;HZ;Horizon
;HSP;HorsePower
;HYT;HoryouToken
;HSR;Hshare
;HBT;HubiiNetwork
;HMQ;Humaniq
;HNC*;Huncoin
;HUC;HunterCoin
;HT;HuobiToken
;HUR;Hurify
;HUSH;Hush
;HOT;HydroProtocol
;HYDRO;Hydrogen
;H2O;Hydrominer
;HYPER;HyperCoin
;HYP;Hyperstake
;IHT;I-HouseToken
;I0C;I0coin
;IAM;IAMEIdentity
;ICASH;ICASH
;ICOO;ICOOpenLedger
;ICOS;ICOBox
;ICX;ICONProject
;ICST;ICST
;IDAP;IDAP
;IDXM;IDEXMembership
;IG;IGToken
;ILC;ILCoin
;ILCT;ILCoinToken
;IML;IMMLA
;INS;INSEcosystem
;ITR;INTRO
;IOC;IOCoin
;IOST;IOStoken
;IOT;IOTA
;IOU;IOU1
;IPSX;IPExchange
;IPC*;IPChain
;IRC;IRONCOIN
;IXC;IXcoin
;ROCK2;IceRockMining
;ICB;IceBergCoin
;ICOB;Icobid
;ICON;Iconic
;ICN;Iconomi
;IGNIS;Ignis
;IC;Ignition
;REX;Imbrex
;IMGZ;Imigize
;IMV;ImmVRse
;IMX;Impact
;IMPCH;Impeach
;IPC;ImperialCoin
;IMPS;ImpulseCoin
;IN;InCoin
;INPAY;InPay
;NKA;IncaKoin
;INCNT;Incent
;INCP;InceptionCoin
;INC;Incrementum
;IDH;IndaHash
;IMS;IndependentMoneySystem
;ERC20;IndexERC20
;INDI;IndiCoin
;IND;Indorse
;IFX;Infinex
;IFC;InfiniteCoin
;XIN;InfinityEconomics
;INF8;Infinium-8
;IFLT;InflationCoin
;INTO;InfluToken
;INFX;Influxcoin
;INK;Ink
;XNK;InkProtocol
;ILK;Inlock
;$OUND;Inmusik
;INN;Innova
;INSN;InsaneCoin
;INSANE;InsaneCoin
;WOLF;InsanityCoin
;INSTAR;InsightsNetwork
;ICC;InstaCashCoin
;MINE;InstamineNuggets
;INSUR;InsurChainCoin
;IPL;InsurePal
;ISR;Insureum
;IQB;IntelligenceQuotientBenefit
;ITT;IntelligentTrading
;ITNS;IntenseCoin
;XID*;InternationalDiamondCoin
;INT;InternetNodeToken
;IOP;InternetofPeople
;INXT;Internxt
;HOLD*;InterstellarHoldings
;ITZ;Interzone
;INV*;Invacio
;IFT;InvestFeed
;INV;Invictus
;IVZ;InvisibleCoin
;INVOX;InvoxFinance
;ITC;IoTChain
;IOTX;IoTeXNetwork
;ION;Ionomy
;IRL;IrishCoin
;ISL;IslaCoin
;ITA;Italocoin
;ING;Iungo
;IEC;IvugeoEvolutionCoin
;IVY;IvyKoin
;IWT;IwToken
;J8T;JET8
;JEX;JEXToken
;JIO;JIOToken
;JOY*;JOYSO
;JSE;JSEcoin
;JPC*;JackPotCoin
;JANE;JaneCoin
;JNS;Janus
;JVY;Javvy
;JC;JesusCoin
;JET;Jetcoin
;JWL;Jewels
;JNT;JibrelNetworkToken
;JIF;JiffyCoin
;JCR;Jincor
;JINN;Jinn
;JOBS;JobsCoin
;J;JoinCoin
;JOINT;JointVentures
;JOK;JokerCoin
;XJO;JouleCoin
;JOY;JoyToken
;JUDGE;JudgeCoin
;JBS;JumBucksCoin
;JUMP;Jumpcoin
;JKC;JunkCoin
;JDC;JustDatingSite
;KAAS;KAASY.AI
;KAT;KATZcoin
;KEC;KEYCO
;KRC;KRCoin
;KREDS;KREDS
;KWH;KWHCoin
;KZC;KZCash
;KLKS;Kalkulus
;KAPU;Kapu
;KBC;Karatgoldcoin
;KRB;Karbo
;KRM;Karma
;KARMA;Karmacoin
;K2G;Kasko2go
;KAYI;Kayi
;KCASH;Kcash
;KEK;KekCoin
;KEN;Kencoin
;KEP;Kepler
;KC;Kernalcoin
;KETAN;Ketan
;KEX;KexCoin
;KEY*;KeyCoin
;KICK;KickCoin
;KLC;KiloCoin
;KIN;Kin
;KIND;KindAds
;KVT;KinesisVelocityToken
;KING;King93
;KNC**;KingNCoin
;MEOW;Kittehcoin
;KED;KlingonEmpireDarsek
;KDC;KlondikeCoin
;KNW;Knowledge
;KOBO;KoboCoin
;KOLION;Kolion
;KMD;Komodo
;KORE;Kore
;KRAK;Kraken
;KRONE;Kronecoin
;KGC;KrugerCoin
;KRL;Kryll
;KTK;KryptCoin
;KRP;Kryptoin
;KR;Krypton
;KBR;KuberaCoin
;KUBO;KubosCoin
;KCS;Kucoin
;KURT;Kurrent
;KUSH;KushCoin
;KNC;KyberNetwork
;LAX;LAPO
;LA;LATOKEN
;LBC;LBRYCredits
;LEO;LEOcoin
;LGBTQ;LGBTQoin
;LHC;LHCoin
;LIFE;LIFE
;LIPC;LIpcoin
;LTBC;LTBCoin
;LUX;LUXCoin
;LALA;LaLaWorld
;LAB;Labrys
;BAC*;LakeBanker
;TAU;LamdenTau
;PIX;Lampix
;LANA;LanaCoin
;LTH;Lathaan
;LAT;Latium
;LATX;LatiumX
;LAZ;Lazarus
;LEPEN;LePenCoin
;LEA;LeaCoin
;LDC;LeadCoin
;LEAF;LeafCoin
;LGD*;LegendaryCoin
;LGD;LegendsCryptocurrency
;LGO;LegolasExchange
;LELE;Lelecoin
;LEMON;LemonCoin
;LCT;LendConnect
;LND;Lendingblock
;LOAN;Lendoit
;LST;LendroidSupportToken
;LENIN;LeninCoin
;LIR;LetitRide
;LVL*;LevelNetToken
;LVG;LeverageCoin
;LEV;Leverj
;XLC;LeviarCoin
;XLB;LibertyCoin
;LBA;LibraCredit
;LXC;LibrexCoin
;LIGER;Ligercoin
;LSD;LightSpeedCoin
;LIKE;LikeCoin
;LIMX;LimeCoinX
;LTD;LimitedCoin
;LINDA;Linda
;LET;LinkEye
;LNC*;LinkerCoin
;LINX;Linx
;LQD;Liquid
;LSK;Lisk
;LTCC;ListerclassicCoin
;LBTC;LiteBitcoin
;LTG;LiteCoinGold
;LTCU;LiteCoinUltra
;LCWP;LiteCoinWPlus
;LTCR;LiteCreed
;LDOGE;LiteDoge
;LTB;Litebar
;LTC;Litecoin
;LTCH;LitecoinCash
;LCP;LitecoinPlus
;LCASH;LitecoinCash
;LCC;LitecoinCash
;LTCD;LitecoinDark
;LTCX;LitecoinX
;LTS;LitestarCoin
;LTA;Litra
;LPC;LittlePhil
;LIVE;LiveStars
;LIV;LiviaCoin
;LIZ;LizusPayment
;LWF;LocalWorldForwarders
;LCS;LocalCoinSwap
;LOCI;LociCoin
;LOC*;LockTrip
;LOC;Loco
;LGR;Logarithm
;LOKI;Loki
;LMC;LomoCoin
;LOOK;LookCoin
;LOOM;LoomNetwork
;LRC;Loopring
;LOT;LottoCoin
;LYK;LoyakkVega
;LYL;LoyalCoin
;BASH;LuckChain
;LCK;Luckbox
;LK7;Lucky7Coin
;LUCKY;LuckyBlocks
;LKY;LuckyCoin
;LDM;Ludumtoken
;LUN;Lunyr
;LC;LutetiumCoin
;LUX**;LuxmiCoin
;LYC;LycanCoin
;LDN;Lydiancoin
;LKK;Lykke
;LYM;Lympo
;LYNX;Lynx
;LYB;LyraBar
;MRK;MARK.SPACE
;MCAP;MCAP
;MCV;MCVToken
;MFX;MFChain
;MIS;MIScoin
;MMNXT;MMNXT
;MMO;MMOCoin
;MMXVI;MMXVI
;MDX*;MODEXToken
;MOS;MOSCoin
;MUN;MUNcoin
;MUSD;MUSDcoin
;YCE;MYCE
;MAC;MachineCoin
;MCRN;MacronCoin
;MRV;Macroverse
;MDC*;MadCoin
;ART;Maecenas
;MAG**;MaggieToken
;MGN;MagnaCoin
;MAG;Magnet
;MAG*;Magos
;MAID;MaidSafeCoin
;MMXIV;MaieutiCoin
;MFT;Mainframe
;MSC*;MaisCoin
;MIV;MakeItViral
;MKR;Maker
;MAT*;ManetCoin
;MANNA;Manna
;MAPC;MapCoin
;MAR;MarijuanaCoin
;MASP;Market.space
;MRS;MarsCoin
;MARS;MarsCoin
;MXT;MartexCoin
;MARV;Marvelous
;MARX;MarxCoin
;MARYJ;MaryJaneCoin
;MSR;Masari
;MC;MassCoin
;MASS;Mass.Cloud
;MGD;MassGrid
;MCAR;MasterCar
;MSC;MasterCoin
;MM;MasterMint
;MTR;MasterTraderCoin
;MAN*;MatrixAINetwork
;MTX;Matryx
;MAX;MaxCoin
;MYC;MayaCoin
;MZC;MazaCoin
;MBIT;Mbitbooks
;MLITE;MeLite
;MDT*;MeasurableDataToken
;MED*;MediBloc
;MEDI;MediBond
;MCU;MediChain
;MDS;MediShares
;MNT*;MediaNetworkCoin
;MPT;MediaProtocolToken
;MEDX;Mediblock
;MDC;MedicCoin
;MEDIC;MedicCoin
;MTN*;Medicalchain
;MHP;MedicoHealth
;MED;MediterraneanCoin
;MPRO;MediumProject
;MEC;MegaCoin
;MEGA;MegaFlash
;XMS;Megastake
;MLN;Melon
;MET;Memessenger
;EMT*;Memority
;MMC;MemoryCoin
;MRN;Mercoin
;MVP;Merculet
;MER;Mercury
;GMT;MercuryProtocol
;MTL;Metal
;MTLM3;MetalMusicv3
;METAL;MetalCoin
;ETP;Metaverse
;MET*;Metronome
;AMM;MicroMoney
;MDX;Midex
;MDT;Midnight
;MUU;MilkCoin
;MIL;MilllionaireCoin
;MILO;MiloCoin
;MNC;MinCoin
;MG;MindGene
;MND;MindCoin
;MIC;Mindexcoin
;MINT*;MineableToken
;MIO;MinerOnetoken
;MIN;MineralsCoin
;MNE;Minereum
;MRT;MinersReward
;MNM;Mineum
;MINEX;Minex
;MNX;MinexCoin
;MAT;MiniApps
;MNTS;Mint
;MINT;MintCoin
;MITH;Mithril
;XIN*;Mixin
;CHF*;MobileBridgeMomentum
;EMGO;MobileGo
;MGO;MobileGo
;MOBI;Mobius
;MTRC;ModulTrade
;MDL*;Modulum
;MOD;Modum
;MDA;Moeda
;MOIN;MoinCoin
;MOJO;Mojocoin
;MOF;MolecularFuture
;TAB;MollyCoin
;MONA;MonaCoin
;MCO;Monaco
;MNZ;Monaize
;XMR;Monero
;ZMR;Monero0
;XMC;MoneroClassic
;XMRG;MoneroGold
;XMO;MoneroOriginal
;XMV;MoneroV
;MONETA;Moneta
;MCN;MonetaVerde
;MUE;MonetaryUnit
;MTH;Monetha
;MNB;MoneyBag
;MONEY;MoneyCoin
;MRP*;MoneyRebel
;MNY;Monkey
;MONK;MonkeyProject
;XMCC;Monoeci
;MBI;MonsterByteInc
;MBLC;MontBlanc
;MOON;MoonCoin
;MITX;MorpheusInfrastructureToken
;MRPH;MorpheusNetwork
;MRP;MorpheusCoin
;MZX;MosaicNetwork
;MOAT;MotherOfAllTokens
;MSP;Mothership
;XMN;Motion
;MTN**;Motion
;MOTO;Motocoin
;MTK;MoyaToken
;MRSA;MrsaCoin
;MUDRA;MudraCoin
;MLT;MultiGames
;MWC;MultiWalletCoin
;MBT;Multibot
;MRY;MurrayCoin
;MUSE;Muse
;MUSIC;Musicoin
;MCI;Musiconomi
;MST;MustangCoin
;MUT;MutualCoin
;MBC;MyBigCoin
;MYB;MyBit
;MCB;MyCryptoBank
;MT*;MyToken
;WISH;MyWish
;MT;MyceliumToken
;XMY;MyriadCoin
;MYST;Mysterium
;MYST*;MysteryCoin
;NANJ;NANJCOIN
;XEM;NEM
;NEO;NEO
;NEOG;NEOGold
;NEXO;NEXO
;NOX;NITRO
;NIX;NIX
;NKN;NKN
;NOAH;NOAHCOIN
;NOIA;NOIANetwork
;NOIZ;NOIZ
;CHFN;NOKUCHF
;EURN;NOKUEUR
;NOKU;NOKUMastertoken
;NPC;NPCcoin
;NPER;NPER
;NVST;NVO
;NXE;NXEcoin
;NXTI;NXTI
;NXTTY;NXTTY
;NYN;NYNJA
;NYX;NYXCOIN
;NFN;Nafen
;NGC;NagaCoin
;NKT;NakomotoDark
;NMC;Namecoin
;NAMO;NamoCoin
;NANO;Nano
;NAN;NanoToken
;NPX;NapoleonX
;NAS2;Nas2Coin
;NAUT;NautilusCoin
;NAV;NavCoin
;NAVI;NaviAddress
;NEBL;Neblio
;NEBU;Nebuchadnezzar
;NBAI;NebulaAI
;NAS;Nebulas
;NDC*;NeedleCoin
;NEF;NefariousCoin
;NEC;NeoCoin
;NEOS;NeosCoin
;NTCC;NeptuneClassic
;NBIT;NetBit
;NET;NetCoin
;NTM;NetM
;NETKO;Netko
;NTWK;NetworkToken
;NETC;NetworkCoin
;NEU*;NeuCoin
;NEU;Neumark
;NRO;Neuro
;NRC;Neurocoin
;NTK;Neurotoken
;NTRN;Neutron
;NEVA;NevaCoin
;NDC;NeverDie
;NIC;NewInvestCoin
;NYC;NewYorkCoin
;NZC;NewZealandCoin
;NEWB;Newbium
;NCP;NewtonCoin
;NXC;Nexium
;NEXT;Next.exchangeToken
;Pakka;NextPakk
;NXS;Nexus
;NICE;NiceCoin
;NIHL;NihiloCoin
;NMB;NimbusCoin
;NIMFA;Nimfamoney
;NIM;Nimiq
;NTC;NineElevenTruthCoin
;NDOGE;NinjaDoge
;NBR;NiobioCash
;NBC;Niobium
;$NOBS;NoBSCrypto
;NLC;NoLimitCoin
;NLC2;NoLimitCoin
;NOBL;NobleCoin
;NODE;Node
;NRB;NoirBits
;NRS;NoirShares
;NOO;Noocoin
;NVC;NovaCoin
;NWCN;NowCoin
;NBX;Noxbox
;NBT;NuBits
;NSR;NuShares
;NUBIS;NubisCoin
;NCASH;NucleusVision
;NUKE;NukeCoin
;NKC;Nukecoinz
;NLX;Nullex
;NULS;Nuls
;N7;Number7
;NUM;NumbersCoin
;NMR;Numeraire
;XNC*;NumismaticCollections
;NMS;Numus
;NXT;Nxt
;NYAN;NyanCoin
;NBL;Nybble
;ODE;ODEM
;ODMC;ODMCoin
;OK;OKCash
;OKOIN;OKOIN
;OPC;OPCoin
;OPP*;OPPOpenWiFi
;ORS;ORSGroup
;OBITS;ObitsCoin
;OBS;Obscurebay
;ODN;Obsidian
;OCL;Oceanlab
;OTX;Octanox
;OCTO*;OctoBitCoin
;OCTO;OctoCoin
;OCN;Odyssey
;OFCR;OfficerCoin
;ODNT;OldDogsNewTricks
;OLDSF;OldSafeCoin
;OLV;OldV
;OLE;Olive
;OLYMP;OlympCoin
;MOT;OlympusLabs
;OMA;OmegaCoin
;OMGC;OmiseGOClassic
;OMG;OmiseGo
;OMNI;Omni
;OMC;OmniCron
;ONL;On.Live
;OGT;OneGame
;OLT;OneLedger
;RNT;OneRootNetwork
;ONX;Onix
;OIO;Online
;ONT;Ontology
;XPO;Opair
;OPAL;OpalCoin
;OPEN;OpenPlatform
;OTN;OpenTradingNetwork
;OAX;OpenANX
;OSC;OpenSourceCoin
;ZNT;OpenZen
;OPES;Opes
;OPP;Opporty
;OSA;OptimalShelfAvailabilityToken
;OPTION;OptionCoin
;OPT;Opus
;OCT;OracleChain
;OC;OrangeCoin
;ORBS;Orbis
;ORB;Orbitcoin
;RDC;Ordocoin
;ORGT;OrganicToken
;ORI;Origami
;ORS*;OriginSport
;TRAC;OriginTrail
;OCC;OriginalCryptoCoin
;ORLY;OrlyCoin
;ORME;OrmeusCoin
;ORO;OroCoin
;OROC;Orocrypt
;OS76;OsmiumCoin
;OWD;Owlstand
;ZXC;Oxcert
;OXY;Oxycoin
;PRL;OysterPearl
;OYS;OysterPlatform
;SHL;OysterShell
;GENE;PARKGENE
;PAT;PATRON
;PAX;PAXToken
;PAXEX;PAXEX
;PQT;PAquarium
;PAI;PCHAIN
;PHI;PHIToken
;PITCH;PITCH
;PLNC;PLNCoin
;PROUD;PROUDMoney
;PF;PROVER
;PSI;PSIcoin
;PWR;PWRCoin
;PX;PXcoin
;PCS;PabyosiCoin
;PBC;PabyosiCoin
;PAC;PacCoin
;PAK;Pakcoin
;PLMT;Pallium
;PND;PandaCoin
;PINKX;PantherCoin
;PAN;Pantos
;PRP;Papyrus
;PRG;Paragon
;DUO;ParallelCoin
;PARA;ParanoiaCoin
;PARETO;ParetoNetworkToken
;PKB;ParkByte
;PAR;Parlay
;PART;Particl
;PASC;PascalCoin
;PASL;PascalLite
;PAS;PassiveCoin
;PTOY;Patientory
;PAVO;Pavocoin
;XPY;PayCoin
;PYC;PayCoin
;PFR;PayFair
;PAYP;PayPeer
;PPP;PayPie
;PYP;PayPro
;PYN;Paycentos
;CON_;Paycon
;PMNT;Paymon
;PYT;Payther
;PEC;PeaceCoin
;PRLPAY;PearlPay
;XPB;PebbleCoin
;PBL;Pebbles
;PCL;Peculium
;PCO;Pecunio
;PCN;PeepCoin
;PPC;PeerCoin
;GUESS;Peerguess
;PPY;Peerplays
;PGC;Pegascoin
;PEN*;PenCoin
;PNT;Penta
;PTA;PentaCoin
;PNY;PeonyCoin
;MAN;People
;MEME;Pepe
;PEPECASH;PepeCash
;PIE;PersistentInformationExchange
;PERU;PeruCoin
;PTC;PesetaCoin
;PSB;PesoBit
;PTR;Petro
;XPD;PetroDollar
;PXL;Phalanx
;SOUL*;Phantasma
;PNX;PhantomX
;XPH;PharmaCoin
;PHS;PhilosophersStone
;PXC;PhoenixCoin
;PHR*;Phore
;PHT;Photochain
;PHO;Photon
;PHR;Phreak
;PGN;Pigeoncoin
;PIGGY;PiggyCoin
;PKC;Pikciochain
;PLR;Pillar
;PINK;PinkCoin
;PCOIN;PioneerCoin
;PIO;Pioneershares
;SKULL;PirateBlocks
;PIRL;Pirl
;PIZZA;PizzaCoin
;PLANET;PlanetCoin
;PLC*;PlatinCoin
;PNC;PlatiniumCoin
;XPTX;PlatinumBAR
;LUC;Play2Live
;PLA;PlayChip
;PKT;Playkey
;PLX;PlexCoin
;PLURA;PluraCoin
;PLC;PlusCoin
;PLUS1;PlusOneCoin
;PTC**;Plutocoin
;PLU;Pluton
;POE;Po.et
;POS;PoSToken
;POA;PoaNetwork
;XPS;PoisonIvyCoin
;XPOKE;PokeChain
;POKER;PokerCoin
;XPST;PokerSports
;PAL;PolicyPalNetwork
;POLIS;PolisPay
;POLY;PolyBit
;NCT;PolySwarm
;PLBT;Polybius
;POLY*;PolymathNetwork
;PSK;PoolofStake
;XSP;PoolStamp
;PCH;PopChain
;POP;PopularCoin
;PPT;Populous
;PEX;PosEx
;PSD;Poseidon
;POSQ;PoseidonQuark
;TRON;Positron
;POST;PostCoin
;POT;PotCoin
;POWR;PowerLedger
;PRE;Premium
;PRE*;Presearch
;HILL;PresidentClinton
;PRES;PresidentTrump
;PBT;Primalbase
;PST;Primas
;PXI;Prime-X1
;PRIME;PrimeChain
;XPM;PrimeCoin
;PRX;Printerium
;PRM;PrismChain
;PIVX;PrivateInstantVerifiedTransaction
;PRIX;Privatix
;PZM;Prizm
;PRA;ProChain
;XPRO;ProCoin
;PROC;ProCurrency
;PCM;Procom
;PHC;ProfitHuntersCoin
;PDC;ProjectDecorum
;JTX;ProjectJ
;PAI*;ProjectPai
;OMX;ProjectShivom
;ZEPH;ProjectZephyr
;PRFT;ProofSuiteToken
;PROPS;Props
;PTC*;Propthereum
;PRO;Propy
;VRP;Prosense.tv
;PGL;Prospectors
;PRC;ProsperCoin
;PROTON;Proton
;PTS*;Protoshares
;XES;Proxeus
;PSEUD;PseudoCash
;PSY;Psilocybin
;PULSE;Pulse
;PMA;PumaPay
;NPXS;PundiX
;PUPA;PupaCoin
;PURA;Pura
;PURE;Pure
;VIDZ;PureVidz
;PGT;Puregoldtoken
;PURK;Purk
;PRPS;Purpose
;HLP;PurposeCoin
;PUSHI;Pushi
;PUT;PutinCoin
;PYLNT;PylonNetwork
;QLC;QLCChain
;QTUM;QTUM
;QBT*;Qbao
;QORA;QoraCoin
;QBK;QuBuckCoin
;QSP;Quantstamp
;QAU;Quantum
;QRL;QuantumResistantLedger
;Q1S;Quantum1Net
;QKC;QuarkChain
;QRK;QuarkCoin
;QTZ;Quartz
;QUA;Quasa
;QTL;Quatloo
;QCN;QuazarCoin
;Q2C;QubitCoin
;QBC;Quebecoin
;QCX;QuickXProtocol
;QSLV;Quicksilvercoin
;QUN;QunQun
;QASH;QuoineLiquid
;XQN;Quotient
;QVT;Qvolta
;QWARK;Qwark
;QWC;Qwertycoin
;RFL;RAFL
;KRX;RAVNKorrax
;RAWG;RAWG
;RAC;RAcoin
;RHOC;RChain
;RCN*;RCoin
;REAL;REAL
;REBL;REBL
;MWAT;REDMegaWatt
;RST;REGARiskSharingToken
;REM;REMME
;RGC;RGCoin
;ROI;ROIcoin
;ROS;ROSCoin
;RADI;RadicalCoin
;RADS;Radium
;RDN;RadonPay
;RDN*;RaidenNetwork
;RAP;Rapture
;RTE;Rate3
;XRA;Ratecoin
;RATIO;Ratio
;RAVE;Ravelous
;RVN;Ravencoin
;RZR;RazorCoin
;RCT;RealChain
;REA;Realisto
;RCC;RealityClash
;RRT;RecoveryRightTokens
;PHX;RedPulsePhoenix
;REDC;RedCab
;RCX;RedCrowCoin
;RED;Redcoin
;RDD;Reddcoin
;REDN;Reden
;REE;ReeCoin
;REF;RefToken
;RFR;Refereum
;REC;Regalcoin
;RLX;Relex
;REL;Reliance
;RPM;RenderPayment
;RNDR;RenderToken
;RNS;RenosCoin
;BERRY;Rentberry
;REPO;RepoCoin
;REN;RepublicToken
;REPUX;Repux
;REQ;RequestNetwork
;RMS;ResumeoShares
;RBIT;ReturnBit
;RNC;ReturnCoin
;R;Revain
;REV;Revenu
;RVR;RevolutionVR
;XRE;RevolverCoin
;RHEA;Rhea
;XRL;Rialto.AI
;RBR;RibbitRewards
;RICE;RiceCoin
;RIDE;RideMyCar
;RIC;Riecoin
;RBT;Rimbit
;RING;RingCoin
;RIPO;RipOffCoin
;RCN;Ripio
;RIPT;RiptideCoin
;RBX;RiptoBuX
;RISE;Rise
;RVT;Rivetz
;RAC**;RoBET
;RBDT;RoBustDefenseToken
;PUT*;Robin8ProfileUtilityToken
;RAC*;RoboAdvisorCoin
;ROX;Robotina
;RKT;RockToken
;ROK;Rockchain
;ROCK*;RocketCoin
;RPC;RonPaulCoin
;RSC;RonaldinhoSoccerCoin
;ROOT;RootCoin
;ROOTS;RootProject
;RT2;RotoCoin
;ROUND;RoundCoin
;ROE;RoverCoin
;RKC;RoyalKingdomCoin
;RYC;RoyalCoin
;ROYAL;RoyalCoin
;RYCN;RoyalCoin2.0
;RBIES;Rubies
;RUBY;Rubius
;RUBIT;Rublebit
;RBY;RubyCoin
;RUFF;Ruff
;RUPX;Rupaya
;RUP;Rupee
;RC;Russiacoin
;RMC;RussianMiningCoin
;RUST;RustCoin
;RUSTBITS;Rustbits
;RYO;Ryo
;S8C;S88Coin
;SABR;SABRCoin
;SAR*;SARCoin
;XSH;SHIELD
;SKYFT;SKYFchain
;SMNX;SMNX
;SNM;SONM
;SXDT;SPECTREDividendToken
;SXUT;SPECTREUtilityToken
;SPICE;SPiCEVentureCapital
;SSV;SSVCoin
;STAC;STAC
;EURS;STASISEURS
;STEX;STEX
;STK;STKToken
;STS;STRESScoin
;STRY;STRYKZ
;XSTC;SafeTradeCoin
;SAFE;SafeCoin
;SAFEX;SafeExchangeCoin
;SFE;Safecoin
;SFR;SaffronCoin
;SAF;Safinus
;SAGA;SagaCoin
;SFU;Saifu
;SKB*;SakuraBloom
;SKR;Sakuracoin
;SAL;SalPay
;SALT;SaltLending
;SLS;SaluS
;SMSR;SamsaraCoin
;SND;Sandcoin
;SAN;Santiment
;SPN*;SapienNetwork
;XAI;SapienceCoin
;SAT;SatisfactionToken
;STV;SativaCoin
;MAD*;SatoshiMadness
;SAT2;Saturn2Coin
;STO;SaveTheOcean
;SANDG;SaveandGain
;SVD;Savedroid
;SWC;ScanetchainToken
;ST;Scienceroot
;SCOOBY;Scoobycoin
;SCORE;Scorecoin
;SCOR;Scorista
;SCR*;Scorum
;SCOT;Scotcoin
;SCRL;Scroll
;DDD;Scry.info
;SCRPT;ScryptCoin
;SCT;ScryptToken
;SRT;Scrypto
;SCRT;SecretCoin
;SRC;SecureCoin
;SEEDS;SeedShares
;B2X;SegWit2x
;SEL;SelenCoin
;KEY;SelfKey
;SSC;SelfSell
;SGO;SelfieGO
;SEM;Semux
;SDRN;Senderon
;SNS;Sense
;SENSE;SenseToken
;SEN;Sentaro
;SENT;Sentinel
;SENC;SentinelChain
;UPP;SentinelProtocol
;SEQ;Sequence
;SERA;Seraph
;SRNT;Serenity
;SET;Setcoin
;SETH;Sether
;SP;SexPistols
;SXC;SexCoin
;SHA;Shacoin
;SHADE;ShadeCoin
;SDC;ShadowCash
;SS;Sharder
;SSS;ShareChain
;SHR;ShareRing
;SAK;SharkCoin
;SHP*;SharpeCapital
;JEW;Shekel
;SHLD;ShieldCoin
;SHIFT;Shift
;SH;Shilling
;SHIP;ShipChain
;SHPT;Shipit
;SHORTY;ShortyCoin
;SHOW;ShowCoin
;SHPING;ShpingCoin
;SHREK;ShrekCoin
;SC;Siacoin
;SIB;SibCoin
;SGL;Sigil
;SIG;Signal
;SGN;SignalsNetwork
;SIGT;Signatum
;SNTR;SilentNotary
;SILK;SilkCoin
;OST;SimpleToken
;SPLB;SimpleBank
;SIGU;Singular
;SNGLS;SingularDTV
;AGI;SingularityNET
;SRN;SirinLabs
;SKC;Skeincoin
;SKIN;Skincoin
;SKRP;Skraps
;SKR*;SkrillaToken
;SKM;SkrumbleNetwork
;SKB;SkullBuzz
;SKY;Skycoin
;SLX;Slate
;SLM;SlimCoin
;SLING;SlingCoin
;SIFT;SmartInvestmentFundToken
;SMART*;SmartBillions
;SMART;SmartCash
;SMC;SmartCoin
;SLT;SmartLands
;SMT*;SmartMesh
;SMLY;SmileyCoin
;SMF;SmurfCoin
;SNIP;SnipCoin
;SNOV;Snovio
;XSG;Snowgem
;ONG;SoMee.Social
;SOAR;Soarcoin
;SLN;SocialLendingNetwork
;SMAC;SocialMediaCoin
;SMT;SocialMediaMarket
;SEND;SocialSend
;SOCC;SocialCoin
;XBOT;SocialXbotCoin
;SCL;Sociall
;SOIL;SoilCoin
;SOJ;SojournCoin
;SOL;Sola
;SDAO;SolarDAO
;SLR;SolarCoin
;CELL;SolarFarm
;SFC;Solarflarecoin
;XLR;Solaris
;SOLE;SoleCoin
;SOLID;Solidified
;SCT*;Soma
;SONG;SongCoin
;SSD;SonicScrewDriverCoin
;SOON;SoonCoin
;SPHTX;SophiaTX
;SNK;Sosnovkino
;SOUL;SoulCoin
;SPX;Sp8de
;SCASH;SpaceCash
;SPC*;SpaceChain
;SPACE;SpaceCoin
;SPA;SpainCoin
;SPANK;SpankChain
;SPK;Sparks
;SPEC;SpecCoin
;SPX*;Specie
;XSPEC;Spectre
;SPEND;Spend
;SPHR;SphereCoin
;XID;SphreAIR
;SPIKE;Spiking
;SPC;SpinCoin
;SPD*;Spindle
;SPORT;SportsCoin
;SFT;SportsFix
;SPF;SportyCo
;SPOT;Spotcoin
;SPT;Spots
;SPOTS;Spots
;SPR;Spreadcoin
;SPRTS;Sprouts
;SQP;SqPay
;SQL;SquallCoin
;XSI;StabilityShares
;SBC;StableCoin
;STCN;Stakecoin
;XSN;Stakenet
;STA*;Stakers
;STHR;Stakerush
;STALIN;StalinCoin
;STC;StarChain
;STR*;StarCoin
;STAR*;StarCoin
;SRC*;StarCredits
;STT;Staramba
;STAR;Starbase
;START;StartCoin
;STA;Starta
;STP;StashPay
;SQOIN;StasyQ
;SNT;StatusNetworkToken
;STAX;Staxcoin
;XST;StealthCoin
;PNK;SteamPunk
;STEEM;Steem
;SBD*;SteemBackedDollars
;XLM;Stellar
;XTL;Stellite
;STN;SteneumCoin
;STEPS;Steps
;SLG;SterlingCoin
;SPD;Stipend
;STOCKBET;StockBet
;SCC;StockChainCoin
;STQ;StoriqaToken
;STORJ;Storj
;SJCX;StorjCoin
;STORM;Storm
;STX;Stox
;STAK;Straks
;SISA;StrategicInvestmentsinSignificantAreas
;STRAT;Stratis
;SSH;StreamSpace
;STM;Streamity
;DATA;StreamrDATAcoin
;SHND;StrongHands
;SUB*;Subscriptio
;SUB;SubstratumNetwork
;SUCR;Sucre
;SGR;SugarExchange
;SUMO;Sumokoin
;SNC;SunContract
;SSTC;SunShotCoin
;SUP;Supcoin
;SBTC;SuperBitcoin
;SUPER;SuperCoin
;UNITY;SuperNET
;M1;SupplyShock
;SPM;Supreme
;RMT;SureRemit
;SUR;Suretly
;SCX;Swachhcoin
;BUCKS;SwagBucks
;SWT;SwarmCityToken
;SWM;SwarmFund
;SWARM;SwarmCoin
;SWEET;SweetStake
;SWFTC;SwftCoin
;SWING;SwingCoin
;SCN;Swiscoin
;CHSB;SwissBorg
;SRC**;SwissRealCoin
;SIC;Swisscoin
;SWTH;Switcheo
;SDP;SydPakCoin
;SYNC;SyncCoin
;MFG;SyncFab
;SYC;SynchroCoin
;SYNX;Syndicate
;AMP;Synereo
;SNRG;Synergy
;SYS;SysCoin
;TBT;T-BOT
;BAR;TBIStoken
;TDFB;TDFB
;TFD;TE-FOOD
;TKY;THEKEYToken
;TOA;TOACoin
;TPC;TPCash
;XTROPTIONS;TROPTIONS
;TAG;TagCoin
;TAJ;TajCoin
;TAK;TakCoin
;TKLN;Taklimakan
;TCOIN;Talenthon
;TAM;TamaGucci
;XTO;Tao
;TTT;TapProject
;TAP;TappingCoin
;TGT;TargetCoin
;TAT;TatianaCoin
;TSE;TattooCoin
;TEC;TeCoin
;TEAM;TeamUP
;TECH;TechCoin
;THS;TechShares
;TEK;TekCoin
;TEL;Telcoin
;GRAM;TelegramOpenNetwork
;TELL;Tellurion
;PAY;TenX
;TENNET;Tennet
;LED;Terawatt
;TERN;Ternio
;TRN;Ternion
;TRC;TerraCoin
;TER;TerraNovaCoin
;TESLA;TeslaCoilCoin
;TES;TeslaCoin
;USDT;Tether
;TRA;Tetra
;XTZ;Tezos
;THNX;ThankYou
;0xDIARY;The0xDiaryToken
;ABYSS;TheAbyss
;EFX;TheEFFECTNetwork
;TFC;TheFreedomCoin
;THC;TheHempcoin
;XVE;TheVeganInitiative
;CHIEF;TheChiefCoin
;GCC*;TheGCCcoin
;VIG;TheVig
;TCR;Thecreed
;MAY;TheresaMayCoin
;THETA;Theta
;TAGR;ThinkAndGetRichCoin
;THRT;ThriveToken
;TSC;ThunderStake
;TIA;Tianhe
;TDX;TidexToken
;TNT;Tierion
;TIE;TiesNetwork
;TGC;TigerCoin
;TIG;Tigereum
;XTC;TileCoin
;BILL;TillBilly
;TIME;Time
;TNB;TimeNewBank
;TME;Timereum
;TMC;TimesCoin
;TIO*;TioTourGuides
;TIP;TipBlockchain
;TIT;TitCoin
;TBAR;TitaniumBAR
;TTC;TittieCoin
;TMT*;ToTheMoon
;TODAY;TodayCoin
;TAAS;TokenasaService
;TKN;TokenCard
;TCT;TokenClub
;TDS;TokenDesk
;TPAY*;TokenPay
;ACE;TokenStars
;AIRE;Tokenaire
;TBX;Tokenbox
;TEN;Tokenomy
;TKS;Tokes
;TKA;Tokia
;TOK;TokugawaCoin
;TOKC;TokyoCoin
;TOM;Tomahawkcoin
;TOMO;TomoChain
;TOR;TorCoin
;TOT;TotCoin
;BBC;TraDove
;MTN;TrackNetToken
;TRCT;Tracto
;TIO;Trade.io
;TDZ;Tradelize
;TRAK;TrakInvest
;TX;Transfer
;TBCX;TrashBurn
;TRV;TravelCoin
;TT;TravelChain
;TRF;Travelflex
;TMT**;TraxiaMembershipToken
;TZC;TrezarCoin
;TRIA;Triaconta
;TRI;TrianglesCoin
;TRIBE;TribeToken
;TRICK;TrickyCoin
;TRDT;Trident
;TRIG;Trigger
;TIIM;TriipMiles
;TNC;TrinityNetworkCredit
;TRIP;Trippki
;TRVC;Trivecoin
;TRW;Triwer
;TPG;TrollPayment
;TKN*;TrollTokens
;TROLL;Trollcoin
;TRX;Tronix
;TRK;TruckCoin
;TRCK;Truckcoin
;TRUE;TrueChain
;TFL;TrueFlipLottery
;TUSD;TrueUSD
;TDP;TrueDeck
;TGAME;TrueGame
;TIC;TrueInvestmentCoin
;TRUMP;TrumpCoin
;TRST;TrustCoin
;TRUST;TrustPlus
;FLEX;TrustedCarsFLEX
;TLP;TulipCoin
;TUR;Turron
;TRTL;TurtleCoin
;TUT;Tutellus
;TWLV;TwelveCoin
;TWIST;TwisterCoin
;UUU;UNetwork
;UCASH;U.CASH
;UCN;UCCoin
;UCT;UCOT
;UFO;UFOCoin
;XUP;UPcoin
;UR;UR
;USDC;USCoin
;USOAMIC;USOAMIC
;UBC;Ubcoin
;UBEX;Ubex
;UBQ;Ubiq
;UBIQ;Ubiqoin
;U;Ucoin
;USC;UltimateSecureCash
;UTC;UltraCoin
;XUN;UltraNote
;ULTC;Umbrella
;UMC;UmbrellaCoin
;UNC;UnCoin
;UNAT;Unattanium
;NBOX;Unboxed
;UNB;UnbreakableCoin
;UNF;UnfedCoin
;UBT;UniBright
;CANDY;UnicornGoCandy
;USX;UnifiedSocietyUSDEX
;UNIFY;Unify
;UKG;UnikoinGold
;UNIQ;Uniqredit
;USDE;UnitaryStatusDollar
;UAEC;UnitedArabEmiratesCoin
;UTT;UnitedTradersToken
;UBTC;UnitedBitcoin
;UIS;Unitus
;UTN;Universa
;UTNP;UniversaToken
;UNIT;UniversalCurrency
;UNRC;UniversalRoyalCoin
;UNI;Universe
;UNO;Unobtanium
;UP;UpToken
;UFR;Upfiring
;UQC;UquidCoin
;URALS;UralsCoin
;URB;UrbitData
;URO;UroCoin
;UETL;UselessEthTokenLite
;UET;UselessEthereumToken
;UTH;Uther
;UTIL;UtilityCoin
;OOT;Utrum
;UTK;Utrust
;UWC;Uwezocoin
;VIDT;V-ID
;VEGA;VEGA
;VIBE;VIBEHub
;VIP;VIPTokens
;VITE;VITE
;VIVO;VIVOCoin
;VLUX;VLUX
;VTUUR;VTUUR
;VVI;VVCoin
;VLD;Valid
;VAL;Valorbit
;VLR;Valorem
;VANY;Vanywhere
;VPRC;VapersCoin
;VAPOR;Vaporcoin
;VLTC;VaultCoin
;XVC;Vcash
;VET;Vechain
;VEC2;VectorCoin2.0
;VLX;Velox
;VLT;Veltor
;VRA;Verasity
;VNT;Veredictum
;XVG;Verge
;VRC;VeriCoin
;VME;VeriME
;CRED;Verify
;VERI;Veritaseum
;VRM;Verium
;VRS;Veros
;VERSA;VersaToken
;VTC;Vertcoin
;VTX;Vertex
;VST;Vestarin
;VZT;Vezt
;VIA;ViaCoin
;VIB;Viberate
;VIT;ViceIndustryToken
;VTY;Victoriouscoin
;VIC;Victorium
;VID;VideoCoin
;VDO;VidioCoin
;VIEW;Viewly
;VIN;VinChain
;VIOR;ViorCoin
;VIRAL;ViralCoin
;VUC;VirtaUniqueCoin
;VTA;VirtaCoin
;XVP;VirtacoinPlus
;VRT;VirtualRealityTechnology
;VRH;VirtualRehab
;VMC;VirtualMiningCoin
;VISIO;Visio
;VITAE;Vitae
;VIU;Viuly
;VOISE;Voise
;VLP;Volpo
;VTN;Voltroon
;VOOT;VootCoin
;VOT;Votecoin
;VOYA;Voyacoin
;VSX;Vsync
;VTR;Vtorrent
;VULC;Vulcano
;W3C;W3Coin
;WAB;WABnetwork
;GLDR;WARFIELD
;WIN;WCoin
;WMC;WMCoin
;WRT;WRTcoin
;WABI;WaBi
;WGR;Wagerr
;WTC;Waltonchain
;WAN;Wanchain
;WAND;WandX
;WRC*;WarCoin
;WARP;WarpCoin
;WASH;WashingtonCoin
;WMB;WatermelonBlock
;WAVES;Waves
;WCT;WavesCommunityToken
;WGO;WavesGO
;WNET;Wavesnode.net
;WAY;WayCoin
;WSX;WeAreSatoshi
;WPR;WePower
;WT;WeToken
;WEALTH;WealthCoin
;WEB*;Webchain
;WEB;Webcoin
;WELL;Well
;WEX;Wexcoin
;WHL;WhaleCoin
;WHEN;WhenHub
;WC;WhiteCoin
;XWC;WhiteCoin
;WIC;WiCoin
;WIIX;Wiix
;WBB;WildBeastCoin
;WILD;WildCrypto
;WINS;WinStars
;LIF;WindingTree
;WINE;WineCoin
;WINGS;WingsDAO
;WINK;Wink
;WISC;WisdomCoin
;WSC;WiserCoin
;WSH;WishFinance
;WISH*;WishFinance
;WIT;Witcoin
;WLK;Wolk
;WOMEN;WomenCoin
;LOG;WoodCoin
;WBBC;WorldBitBank
;WCG;WorldCryptoGold
;WGC;WorldGoldCoin
;XWT;WorldTradeFunds
;WBTC;WorldBTC
;WDC;WorldCoin
;WOP;WorldPay
;WRC;Worldcore
;WPT;Worldopoly
;WAX;WorldwideAsseteXchange
;WYR;Wyrify
;WYS;Wysker
;XRED;XRealEstateDevelopment
;XC;X11Coin
;X2;X2Coin
;X8X;X8Currency
;CHI;XAYA
;XCO;XCoin
;XDE2;XDEII
;XDNA;XDNA
;XG;XGSports
;XMX;XMax
;XRP;XRP
;XUEZ;XUEZ
;XXX;XXXCoin
;XYO;XYOracle
;XNX;XanaxCoin
;XAU;XauCoin
;XAUR;Xaurum
;XCASH;Xcash
;XCEL;XcelTrip
;XCG;Xchange
;XNC;XenCoin
;XEN;XenixCoin
;XNN;Xenon
;MI;XiaoMiCoin
;XDCE;XinFinCoin
;XIOS;Xios
;XT3;Xt3ch
;XBY;XtraBYtes
;YAY;YAYcoin
;YAC;YAcCoin
;YMC;YamahaCoin
;YBC;YbCoin
;YEE;Yee
;YBT;YellowBetter
;YES;YesCoin
;YOC;YoCoin
;YOVI;YobitVirtualCoin
;U42;You42
;YOYOW;Yoyow
;YUM;Yumerium
;Z2;Z2Coin
;ZAB;ZABERcoin
;ZAZA;ZAZA
;ZCC;ZCCCoin
;ZEC;ZCash
;ZECD;ZCashDarkCoin
;ZCG;ZCashGOLD
;ZCL;ZClassic
;XZC;ZCoin
;ZINC;ZINC
;ZIX;ZIXToken
;ZLQ;ZLiteQubit
;ZMN;ZMINE
;ZPR;ZPER
;ZSE;ZSEcoin
;ZAP;Zap
;ZYD;ZayedCoin
;ZXT;Zcrypt
;NZL;Zealium
;ZCO;ZebiCoin
;ZED;ZedCoins
;ZPT;Zeepin
;ZEEW;Zeew
;ZEIT;ZeitCoin
;ZEL;Zelcash
;ZEN*;ZenProtocol
;ZEN;ZenCash
;ZENI;Zennies
;ZNA;Zenome
;ZER;Zero
;NRG;ZeroCarbonProject
;ZSC*;ZeroState
;ZET2;Zeta2Coin
;ZET;ZetaCoin
;ZSC;Zeusshield
;ZRC*;ZiftrCoin
;ZBC;Zilbercoin
;ZIL;Zilliqa
;ZIP;Zipper
;ZIPT;Zippie
;ZOI;Zoin
;ZNE;ZoneCoin
;ZOOM;ZoomCoin
;ZRC;ZrCoin
;ZUP;ZupplyToken
;ZUR;Zurcoin
;AXPR;aXpire
;ELF;aelf
;BITCNY;bitCNY
;BITGOLD;bitGold
;BITSILVER;bitSilver
;BITUSD;bitUSD
;DCS;deCLOUDs
;DNT;district0x
;ECHT;e-Chat
;EBIT;eBit
;EBTC;eBitcoin
;EBCH;eBitcoinCash
;EBST;eBoost
;ELTC2;eLTC
;DEM;eMark
;ePRX;eProxy
;EREAL;eREAL
;EXMR;eXMRMonero
;EOSDAC;eosDAC
;XEP;ephelants360
;FDX;fidentiaX
;GCN;gCnCoin
;IBANK;iBankCoin
;DEAL;iDealCash
;ICE;iDice
;IETH;iEthereum
;RLC;iEx.ec
;ILT;iOlite
;IW;iWallet
;IXT;iXledger
;IMU;imusify
;ITM;intimate.io
;redBUX;redBUX
;UGC;ugChain
;VSL;vSlice
;WBTC*;wBTC